Hotel Name,State,City,Rooms,WhatsApp Number,Email,Website,ICP Score,Est. Monthly Agoda Waste (RM),Nocturn Recovery Potential (RM),Source
The Point Boutique Hotel,Johor,Johor Bahru,48,+60167164724,pathma@sunrisebayumas.com,,10,9071,12960,MAH Directory
Vi Boutique Hotel,Selangor,Petaling Jaya,48,+60193876521,viboutiquehotel.ks@gmail.com,,10,9071,12960,MAH Directory
Greenvalley Eco Resort,Johor,Johor Bahru,50,+60167278800,greenvalleyecotourism@gmail.com,https://gveresort.com/,10,9450,13500,MAH Directory
Borneo Beach Villas,Sabah,Petaling Jaya,145,+60169329302,reservations@borneobeachvillas.com,http://www.borneobeachvillas.com,10,27405,39150,MAH Directory
Remington Hotel,Johor,Johor Bahru,42,+60149855578,front.desk@remingtonhotel.com.my,https://www.remingtonhotel.com.my/,7,7937,11340,MAH Directory
Hako Hotel Tuta,Johor,Johor Bahru,48,+60172776627,enquiry@hakohotel.com,https://www.hakohotel.com/,7,9071,12960,MAH Directory
Hotel Arena Kuala Lumpur,Kuala Lumpur,Kuala Lumpur,84,+60198056348,unitedgroupmalay@gmail.com,https://hotelarenakl.com/,7,15875,22680,MAH Directory
Landison Hotel Penang,Penang,George Town,100,+60164027712,hr@landisonhotel.com.my,,7,18900,27000,MAH Directory
Sinar Eco Resort,Johor,Johor Bahru,20,+60137572434,sinarecoresort@gmail.com,http://www.sinaresort.com,5,3780,5400,MAH Directory
Utm Hotel & Residence,Kuala Lumpur,Kuala Lumpur,181,+60139396821,hospitality.residensiutmkl@gmail.com,https://www.utmholdings.com/,5,34209,48870,MAH Directory
Tiara Desaru Seaview Residence,Johor,Johor Bahru,200,+60177920522,tiaradesaru1@gmail.com,https://tiaradesaru.com/,5,37800,54000,MAH Directory
"ONE18 Boutique Hotel, KL Chinatown",Kuala Lumpur,Kuala Lumpur,Unknown (Boutique),+60103938151,,,5,7560,10800,Google Places
Axon Luxury Suites KL,Kuala Lumpur,Bukit Bintang,Unknown (Boutique),+60192880682,,,5,7560,10800,Google Places
Bestow Boutique Hotel,Kuala Lumpur,Bukit Bintang,Unknown (Boutique),+601168469879,,https://www.thebestowexperience.com/,5,7560,10800,Google Places
KL Plaza Suites,Kuala Lumpur,Bukit Bintang,Unknown (Boutique),+60102775238,,https://www.berjayavacation.com.my/local_detail.php?pid=74&action=all&pgno=1&cid=-1&prod=235,5,7560,10800,Google Places
Scarletz Suites KLCC by MyKey Global,Kuala Lumpur,KLCC,Unknown (Boutique),+60186600155,,https://www.mykeyglobal.com/,5,7560,10800,Google Places
Golden Suites at Platinum KLCC Kuala Lumpur,Kuala Lumpur,KLCC,Unknown (Boutique),+601128517010,,https://hotels.cloudbeds.com/reservation/E1HVfl,5,7560,10800,Google Places
STAR SUITES KLCC,Kuala Lumpur,KLCC,Unknown (Boutique),+60177530017,,http://www.starsuites.my/,5,7560,10800,Google Places
Signature Apartment at Mercu Summer Suites KLCC,Kuala Lumpur,KLCC,Unknown (Boutique),+60199338834,,https://www.agoda.com/signature-apartment-at-mercu-summer-suite-klcc-h25217292/hotel/kuala-lumpur-my.html?cid=1844104&ds=aZQ9ZQpaPO3ZW%2Bch,5,7560,10800,Google Places
Redstone Boutique Hotel Kuala Lumpur,Kuala Lumpur,Chow Kit,Unknown (Boutique),+60174057771,,,5,7560,10800,Google Places
RH Suites,Kuala Lumpur,Mont Kiara,Unknown (Boutique),+60166136763,,https://book-directonline.com/properties/rhsuitesdirect,5,7560,10800,Google Places
Azlan's Eco-Village Homestay & Foodscape,Kuala Lumpur,Mont Kiara,Unknown (Boutique),+60196221184,,,5,7560,10800,Google Places
Societe Suites Hartamas by Bamboo Hospitality,Kuala Lumpur,Mont Kiara,Unknown (Boutique),+60105862118,,https://www.bamboohospitality.com.my/,5,7560,10800,Google Places
Arte Mont Kiara by Dream'Inn,Kuala Lumpur,Mont Kiara,Unknown (Boutique),+60198118918,,https://www.dreaminnco.com/,5,7560,10800,Google Places
City Residence Shah Alam Hotel,Selangor,Shah Alam,Unknown (Boutique),+60193716790,,,5,7560,10800,Google Places
I City Residency Homestay,Selangor,Shah Alam,Unknown (Boutique),+60123410101,,,5,7560,10800,Google Places
Durra Homestay,Selangor,Shah Alam,Unknown (Boutique),+60132868612,,,5,7560,10800,Google Places
Sentosa Villa Hotel,Selangor,Shah Alam,Unknown (Boutique),+60122692655,,,5,7560,10800,Google Places
"Taja's Homestay accomodation in Shah Alam, Selangor",Selangor,Shah Alam,Unknown (Boutique),+60127221519,,http://tajashomestay.wordpress.com/about/,5,7560,10800,Google Places
Sritel Boutique Hotel,Selangor,Shah Alam,Unknown (Boutique),+601111028106,,,5,7560,10800,Google Places
Thought Boutique Hotel,Selangor,Shah Alam,Unknown (Boutique),+60177515122,,,5,7560,10800,Google Places
"W Studio Resort Suites, Bandar Sunway",Selangor,Subang Jaya,Unknown (Boutique),+60124747760,,,5,7560,10800,Google Places
Petaling Jaya Homestay near Sunway by Arthomer,Selangor,Subang Jaya,Unknown (Boutique),+60102250143,,,5,7560,10800,Google Places
"Lavender Inn, USJ",Selangor,Subang Jaya,Unknown (Boutique),+60108807211,,https://lavenderinn.com.my/usj/,5,7560,10800,Google Places
Meet2Stay Guest House,Selangor,Klang,Unknown (Boutique),+60122177345,,,5,7560,10800,Google Places
Indah Homestay,Selangor,Klang,Unknown (Boutique),+60135050089,,,5,7560,10800,Google Places
Surya Boutique Hotel Klang,Selangor,Klang,Unknown (Boutique),+601136177500,,,5,7560,10800,Google Places
"Sepang Homestay, Taman Intan Baiduri",Selangor,Sepang KLIA,Unknown (Boutique),+60193877986,,,5,7560,10800,Google Places
Homestay Insyirah KLIA,Selangor,Sepang KLIA,Unknown (Boutique),+60192757927,,http://homestayinsyirahklia.blogspot.my/,5,7560,10800,Google Places
D'Qari Homestay KLIA Sepang,Selangor,Sepang KLIA,Unknown (Boutique),+60132042641,,http://dqarihomestay.blogspot.my/,5,7560,10800,Google Places
Homestay KLIA Sepang,Selangor,Sepang KLIA,Unknown (Boutique),+601155502686,,http://homestaykliasepang.blogspot.my/,5,7560,10800,Google Places
Homestay Drara,Selangor,Sepang KLIA,Unknown (Boutique),+60163443111,,,5,7560,10800,Google Places
Wok Amin Homestay,Selangor,Sepang KLIA,Unknown (Boutique),+601116591998,,,5,7560,10800,Google Places
Sepang Ceria Homestay,Selangor,Sepang KLIA,Unknown (Boutique),+601120979928,,,5,7560,10800,Google Places
Rizqullah Homestay KLIA Sepang,Selangor,Sepang KLIA,Unknown (Boutique),+60122205315,,https://www.facebook.com/Rizqullah-Homestay-KLIA-Sepang-1063111387058752/,5,7560,10800,Google Places
Zanas Villa D'KLIA,Selangor,Sepang KLIA,Unknown (Boutique),+60133524555,,,5,7560,10800,Google Places
HOMESTAY NAYEL,Selangor,Sepang KLIA,Unknown (Boutique),+60193730950,,,5,7560,10800,Google Places
D' Totok Homestay (KLIA),Selangor,Sepang KLIA,Unknown (Boutique),+60183132240,,https://www.facebook.com/D-Totok-HouseStay-109003918425729/,5,7560,10800,Google Places
Homestay Cikgu Adnan KLIA,Selangor,Sepang KLIA,Unknown (Boutique),+60122248044,,,5,7560,10800,Google Places
Anaqi Village Homestay,Selangor,Sepang KLIA,Unknown (Boutique),+60199344225,,https://www.instagram.com/anaqivillage/,5,7560,10800,Google Places
AiAi Homestay KLIA Murah,Selangor,Sepang KLIA,Unknown (Boutique),+60139666700,,https://mbasic.facebook.com/aiaihomestaykliamurah/,5,7560,10800,Google Places
Kak Lah Guest House Sepang,Selangor,Sepang KLIA,Unknown (Boutique),+60199246962,,,5,7560,10800,Google Places
KLIA Homestay Abadi,Selangor,Sepang KLIA,Unknown (Boutique),+60173340695,,,5,7560,10800,Google Places
S8 Boutique Hotel,Selangor,Sepang KLIA,Unknown (Boutique),+60187883855,,https://s8boutiquehotel.com/,5,7560,10800,Google Places
Collection O KLIA Formerly Bary Inn,Selangor,Sepang KLIA,Unknown (Boutique),+60174191233,,http://www.baryinn-klia.com/,5,7560,10800,Google Places
Cheong Fatt Tze - The Qing Suites,Penang,George Town,Unknown (Boutique),+60123788006,,https://www.cheongfatttzemansion.com/the-qing-suites/,5,7560,10800,Google Places
The Magazine Boutique Hotel,Penang,George Town,Unknown (Boutique),+60107683887,,,5,7560,10800,Google Places
The Century Boutique Hotel (George Town),Penang,George Town,Unknown (Boutique),+60134281937,,https://www.thecenturyhotels.com/,5,7560,10800,Google Places
Georgetown Inn by Sky Hive,Penang,George Town,Unknown (Boutique),+60182999210,,http://www.skyhivevacay.com/,5,7560,10800,Google Places
Roomies Suites,Penang,Batu Ferringhi,Unknown (Boutique),+601139366153,,,5,7560,10800,Google Places
Amal Inn Budget Hotel,Penang,Batu Ferringhi,Unknown (Boutique),+60149696740,,,5,7560,10800,Google Places
Value Homestay,Penang,Batu Ferringhi,Unknown (Boutique),+60162454768,,,5,7560,10800,Google Places
YOU & I HOMESTAY,Penang,Batu Ferringhi,Unknown (Boutique),+60125536337,,http://www.youandipenang.blogspot.com/,5,7560,10800,Google Places
Shalini's Guest House,Penang,Batu Ferringhi,Unknown (Boutique),+60124073822,,,5,7560,10800,Google Places
Haqime Guest House at Batu Ferringhi,Penang,Batu Ferringhi,Unknown (Boutique),+601155842800,,https://www.facebook.com/haqimeguesthouse/,5,7560,10800,Google Places
Inn Residence 18,Penang,Butterworth,Unknown (Boutique),+60103700103,,https://www.facebook.com/InnResidence18/,5,7560,10800,Google Places
Bayu Marina Residences,Johor,Johor Bahru,Unknown (Boutique),+60137499555,,,5,7560,10800,Google Places
"8 Days Boutique Hotel @ Mount Austin, JB",Johor,Johor Bahru,Unknown (Boutique),+60167529888,,,5,7560,10800,Google Places
I am Jazz Boutique Hotel,Johor,Johor Bahru,Unknown (Boutique),+60106660510,,https://www.facebook.com/iamjazzhotel/,5,7560,10800,Google Places
Galaxy Homestay,Johor,Johor Bahru,Unknown (Boutique),+60167217011,,,5,7560,10800,Google Places
Havona Boutique Hotel @ Mount Austin,Johor,Johor Bahru,Unknown (Boutique),+60167231231,,https://havonahotel.com/reservation/room_types?prop_id=1545,5,7560,10800,Google Places
Marvelous Homestay Near Legoland,Johor,Iskandar Puteri,Unknown (Boutique),+60147741808,,http://www.airbnb.com/p/sogenruby,5,7560,10800,Google Places
Iskandar Residence @ JB City Home,Johor,Iskandar Puteri,Unknown (Boutique),+601162623616,,http://www.jbcityhomestay.com/,5,7560,10800,Google Places
Dbayu Homestay,Johor,Iskandar Puteri,Unknown (Boutique),+60127528554,,,5,7560,10800,Google Places
Trinidad Suites Johor,Johor,Iskandar Puteri,Unknown (Boutique),+60162550351,,http://www.trinidadsuitesjohor.com/,5,7560,10800,Google Places
Legoland Happy Homestay,Johor,Iskandar Puteri,Unknown (Boutique),+60197111811,,http://www.facebook.com/legolandhappyhomestay,5,7560,10800,Google Places
Kak Mah Homestay,Johor,Iskandar Puteri,Unknown (Boutique),+60137147647,,http://kakmahhomestay.blogspot.my/,5,7560,10800,Google Places
Zabarjad Homestay,Johor,Iskandar Puteri,Unknown (Boutique),+60197888095,,,5,7560,10800,Google Places
Dillenia Homestay Legoland Johor Bahru,Johor,Iskandar Puteri,Unknown (Boutique),+601128653629,,https://homestaylegolandjohorbahru.com/blog,5,7560,10800,Google Places
Jutaka Homestay Nusajaya,Johor,Iskandar Puteri,Unknown (Boutique),+60127764568,,,5,7560,10800,Google Places
Anpesona homestay legoland johor,Johor,Iskandar Puteri,Unknown (Boutique),+601132076801,,http://anpesonahomestaylegolandjohor.blogspot.my/,5,7560,10800,Google Places
Teega Suites,Johor,Iskandar Puteri,Unknown (Boutique),+60127917851,,,5,7560,10800,Google Places
Almas Suites by Subhome,Johor,Iskandar Puteri,Unknown (Boutique),+60127917851,,https://www.subhome.my/almassuites,5,7560,10800,Google Places
Batu Pahat Taman Flora Homestay,Johor,Batu Pahat,Unknown (Boutique),+60177624174,,https://www.facebook.com/bpflorahome,5,7560,10800,Google Places
Murni Homestay Batu Pahat,Johor,Batu Pahat,Unknown (Boutique),+60137701958,,,5,7560,10800,Google Places
Sri Peserai Homestay,Johor,Batu Pahat,Unknown (Boutique),+60133882190,,http://sripeseraihomestay.blogspot.com/,5,7560,10800,Google Places
Kamar Tamu Private Homestay,Johor,Batu Pahat,Unknown (Boutique),+60167197070,,http://kamartamublog.wordpress.com/,5,7560,10800,Google Places
Sarah's Homestay,Johor,Batu Pahat,Unknown (Boutique),+60137793007,,http://www.facebook.com/sarahhomestay/,5,7560,10800,Google Places
SALHAH SELESA HOMESTAY,Johor,Batu Pahat,Unknown (Boutique),+60166868742,,https://www.facebook.com/pages/Salhah-Selesa-Homestay/530604533736037,5,7560,10800,Google Places
Sri Gading Homestay,Johor,Batu Pahat,Unknown (Boutique),+60108413972,,,5,7560,10800,Google Places
B&S Boutique Hotel,Johor,Batu Pahat,Unknown (Boutique),+60108015155,,http://www.bnshotel.com/,5,7560,10800,Google Places
Bedok Homestay,Johor,Batu Pahat,Unknown (Boutique),+60127132262,,,5,7560,10800,Google Places
HOMESTAY DE NEST BATU PAHAT,Johor,Batu Pahat,Unknown (Boutique),+60177273805,,https://www.booking.com/hotel/my/de-nest-house.en-gb.html?label=gen173nr-1BCAsooQFCDWRlLW5lc3QtaG91c2VIM1gEaKEBiAEBmAEJuAEYyAEM2AEB6AEBiAIBqAIEuALi7bDBBsACAdICJDEwNTE2NTc3LTgyNDgtNDZiZS1hODQ4LWUxNWMyNjBlZmRjY9gCBeACAQ&sid=97cd1bbe048897c3e288b7374a99c1d5&age=0&dist=0&group_adults=4&group_children=1&keep_landing=1&no_rooms=1&sb_price_type=total&type=total&,5,7560,10800,Google Places
"Homestay 29, Jalan Mustaffa",Johor,Batu Pahat,Unknown (Boutique),+60177273805,,,5,7560,10800,Google Places
三春客棧 Sam Choon Homestay Batu Pahat,Johor,Batu Pahat,Unknown (Boutique),+60187819006,,https://www.facebook.com/profile.php?id=61563474770170&mibextid=LQQJ4d,5,7560,10800,Google Places
Golden Homestay Batu Pahat,Johor,Batu Pahat,Unknown (Boutique),+60127111359,,https://goldenhomestaybatupahat.wordpress.com/,5,7560,10800,Google Places
HomeStay Rm38,Johor,Batu Pahat,Unknown (Boutique),+60167990942,,,5,7560,10800,Google Places
18 Homestay,Johor,Batu Pahat,Unknown (Boutique),+60127129412,,,5,7560,10800,Google Places
CASA WARM homestay | 暖居民宿 Batu Pahat,Johor,Batu Pahat,Unknown (Boutique),+60127201488,,,5,7560,10800,Google Places
Aurora Homestay @ Batu Pahat (Deluxe) 阳光民宿(柔佛州峇株巴辖）),Johor,Batu Pahat,Unknown (Boutique),+60127018538,,https://www.kakicuti.com.my/,5,7560,10800,Google Places
Casa Homestay Batu Pahat,Johor,Batu Pahat,Unknown (Boutique),+60182580993,,https://linktr.ee/casahomestaybatupahat,5,7560,10800,Google Places
Hotel 57 Batu Pahat (Fifty Seven Inn),Johor,Batu Pahat,Unknown (Boutique),+601128675757,,https://www.facebook.com/Hotel57,5,7560,10800,Google Places
Budget Hotel Evergreen @ Batu Pahat ( Homestay ),Johor,Batu Pahat,Unknown (Boutique),+60125050911,,https://www.facebook.com/Evergreenhotel57,5,7560,10800,Google Places
Sabak Awor Resort 山芭湖渡假村,Johor,Muar,Unknown (Boutique),+60126060775,,https://m.facebook.com/pages/Sabak-Awor-ResortMuar/248328808511978,5,7560,10800,Google Places
G-City Homestay,Johor,Muar,Unknown (Boutique),+60199977959,,,5,7560,10800,Google Places
Homestay 1060th Guest House Muar,Johor,Muar,Unknown (Boutique),+60109221060,,https://m.facebook.com/pages/category/Hotel-Resort/1060th-Guest-House-MUAR-1843493169019152/,5,7560,10800,Google Places
Hafsah Homestay Muar,Johor,Muar,Unknown (Boutique),+601160717341,,http://hafsahomestay.blogspot.my/,5,7560,10800,Google Places
Cempaka Homestay Muar 21,Johor,Muar,Unknown (Boutique),+60125388024,,http://cempakahomestaymuar.wordpress.com/,5,7560,10800,Google Places
Homestay Muar Murah,Johor,Muar,Unknown (Boutique),+60126416121,,,5,7560,10800,Google Places
Nurhaneem Homestay,Johor,Muar,Unknown (Boutique),+60176074420,,,5,7560,10800,Google Places
WARNI VILLA 麻坡彩虹民宿,Johor,Muar,Unknown (Boutique),+60123654433,,https://www.facebook.com/Homestay-Muar-Warni-Villa-508092479267548/?fref=ts,5,7560,10800,Google Places
Family Homestay,Johor,Muar,Unknown (Boutique),+60176545788,,,5,7560,10800,Google Places
Srinika Homestay Al-Manar,Johor,Muar,Unknown (Boutique),+60196227727,,http://www.homestaysrinika.com/,5,7560,10800,Google Places
Khayla Homestay,Johor,Muar,Unknown (Boutique),+60176259661,,https://www.facebook.com/khaylahomestaymuar?ref=hl,5,7560,10800,Google Places
Srinika Homestay Al-Hidayah,Johor,Muar,Unknown (Boutique),+60196227727,,http://www.homestaysrinika.com/,5,7560,10800,Google Places
Homestay Warni Villa 45,Johor,Muar,Unknown (Boutique),+60123654433,,https://www.facebook.com/Homestay-Muar-Warni-Villa-508092479267548/?fref=ts,5,7560,10800,Google Places
OYO 91034 VILLA NO 197,Johor,Muar,Unknown (Boutique),+60123654433,,https://www.oyorooms.com/247646/,5,7560,10800,Google Places
Moli Homestay,Johor,Muar,Unknown (Boutique),+60176323676,,http://www.muarbakrihomestay.blogspot.com/,5,7560,10800,Google Places
Myhomestay Muar,Johor,Muar,Unknown (Boutique),+60133948282,,http://www.homestaymuar.com/,5,7560,10800,Google Places
Ms. Jah Homestay Villa,Johor,Muar,Unknown (Boutique),+60126437204,,,5,7560,10800,Google Places
Homestay Muar A Casa D Azirul,Johor,Muar,Unknown (Boutique),+60176573717,,,5,7560,10800,Google Places
Homestay Muar Al-Raudah,Johor,Muar,Unknown (Boutique),+60197530772,,,5,7560,10800,Google Places
"Style STAR INN, 富利旅店",Johor,Muar,Unknown (Boutique),+60127502588,,https://wa.me/0127502588,5,7560,10800,Google Places
Ruby Hotel Homestay Muar,Johor,Muar,Unknown (Boutique),+60127110236,,,5,7560,10800,Google Places
Muari Boutique Hotel,Johor,Muar,Unknown (Boutique),+60183983198,,,5,7560,10800,Google Places
Grandma Homestay,Johor,Muar,Unknown (Boutique),+601162668859,,https://www.facebook.com/profile.php?id=61570226624490&mibextid=ZbWKwL,5,7560,10800,Google Places
MUO Resort,Johor,Muar,Unknown (Boutique),+60176789167,,http://www.muoboutique.com/,5,7560,10800,Google Places
The Wood Boutique Hotel,Johor,Muar,Unknown (Boutique),+60103967678,,https://m.facebook.com/pages/category/Hotel-Resort/The-wood-boutique-hotel-2005342542847062/,5,7560,10800,Google Places
TANJUNG VILLA,Johor,Muar,Unknown (Boutique),+60126794789,,,5,7560,10800,Google Places
Lighthouse Hotel & Shortstay,Selangor,Kuala Lumpur,25,+60122275526,appleforeverpj@gmail.com,http://www.lighthousehotel.com.my/,2,4725,6750,MAH Directory
Museum Hotel Penang,Penang,George Town,29,+601188881601,info@museumhotel.my,https://museumhotel.my/,2,5480,7830,MAH Directory
Macalister 288,Penang,George Town,36,+601120632183,admin@qanova.com.my,,2,6803,9719,MAH Directory
The Grand Campbell Hotel Kuala Lumpur,Kuala Lumpur,Kuala Lumpur,153,+60136154547,faizal@grandcampbellhotel.com,https://thegrandcampbell.com-kualalumpur.com,2,28917,41310,MAH Directory
Royal Park Hotel @ Uniten,Selangor,Petaling Jaya,170,+60128102339,info@royalparkhotel.com.my,https://www.royalparkhotel.com.my/,2,32129,45900,MAH Directory
Accelerator Resources Sdn Bhd,Selangor,Petaling Jaya,Unknown (Boutique),+60123083521,judyxcerator@gmail.com,https://www.xcerator.com/,2,7560,10800,MAH Directory
Ada Cosmetics International Sdn Bhd,Selangor,Kuala Lumpur,Unknown (Boutique),+60123456614,alex.chor@ada-cosmetics.com,https://ada-cosmetics.com/,2,7560,10800,MAH Directory
Arkemi Sdn Bhd,Kuala Lumpur,Kuala Lumpur,Unknown (Boutique),+60102200135,kenette@glenvex.com,https://www.glenvex.com,2,7560,10800,MAH Directory
Athos International Sdn Bhd,Kuala Lumpur,Kuala Lumpur,Unknown (Boutique),+60173022388,johnson.yang@chinaathos.com,http://www.chinaathos.com/,2,7560,10800,MAH Directory
Blue Ocean Focus Sdn Bhd,Selangor,Kuala Lumpur,Unknown (Boutique),+60165229628,kelvin.ong@intrixgroup.com,https://www.intrixgroup.com/,2,7560,10800,MAH Directory
Dd Techniche Sdn. Bhd.,Selangor,Petaling Jaya,Unknown (Boutique),+60174798630,sales@ddtechniche.com,https://bwt-service.com.my/,2,7560,10800,MAH Directory
Fjk Food Service Malaysia Sdn. Bhd. (Fujimak Malaysia),Kuala Lumpur,Kuala Lumpur,Unknown (Boutique),+60143131988,y_mukoyama@fujimak.co.jp,https://fujimak.biz/,2,7560,10800,MAH Directory
Flora Food Malaysia Sdn Bhd,Selangor,Petaling Jaya,Unknown (Boutique),+60124312143,ian.lau@florafg.com,https://www.florafoodgroup.com/,2,7560,10800,MAH Directory
Future Dream Academy Sdn. Bhd.,Kuala Lumpur,Kuala Lumpur,Unknown (Boutique),+60123397532,fda.accts@gmail.com,https://www.futuredreamacademy.edu.my/,2,7560,10800,MAH Directory
Gd Media Sdn Bhd,Selangor,Kuala Lumpur,Unknown (Boutique),+60127380989,sales@gdmedia.tv,https://gdmedia.tv/,2,7560,10800,MAH Directory
Greenseed Engineering Sdn Bhd,Selangor,Petaling Jaya,Unknown (Boutique),+601165633411,admin@greenseed.com.my,http://www.greenseedwaterheater.com.my/,2,7560,10800,MAH Directory
Hm Hospitality Supplies Sdn Bhd,Selangor,Kuala Lumpur,Unknown (Boutique),+60129200918,hm.hospitality.supplies@gmail.com,https://hmhotelsupplies.com/,2,7560,10800,MAH Directory
I Chemy Sdn Bhd,Selangor,Petaling Jaya,Unknown (Boutique),+60123638184,alanichemy@gmail.com,https://www.ichemysol.com/,2,7560,10800,MAH Directory
Jotun Paints (Malaysia) Sdn Bhd,Selangor,Petaling Jaya,Unknown (Boutique),+60122808330,yvonne.choong@jotun.com.my,,2,7560,10800,MAH Directory
Laundry Care Sdn Bhd,Selangor,Petaling Jaya,Unknown (Boutique),+60197053333,kenyuen@laundrycare.com.my,https://www.laundrycare.com.my/,2,7560,10800,MAH Directory
Led Rental Sdn Bhd,Selangor,Kuala Lumpur,Unknown (Boutique),+60192178943,bkaccdept@yahoo.com,https://www.ledscreenmalaysia.com.my/,2,7560,10800,MAH Directory
Lfx Solutions Sdn Bhd,Penang,George Town,Unknown (Boutique),+60164263337,lfxsolutionssb@gmail.com,,2,7560,10800,MAH Directory
One World Marketing Sdn Bhd,Selangor,Kuala Lumpur,Unknown (Boutique),+60122991331,boonsian.chia@oneworld-solutions.com,,2,7560,10800,MAH Directory
Propulsion Pools Sdn Bhd,Selangor,Petaling Jaya,Unknown (Boutique),+60123892817,may@propulsionpools.com,https://www.propulsionpools.com,2,7560,10800,MAH Directory
Puresolutions Sdn Bhd,Kuala Lumpur,Kuala Lumpur,Unknown (Boutique),+60128068845,info@puresolutions.asia,https://puresolutions.asia/,2,7560,10800,MAH Directory
Sab Management & Resources Sdn Bhd,Kuala Lumpur,Kuala Lumpur,Unknown (Boutique),+60163540100,admin@sabmanagementt.com,https://thesabgroup.com,2,7560,10800,MAH Directory
Staah Sdn Bhd,Kuala Lumpur,Kuala Lumpur,Unknown (Boutique),+60122787422,michelle@staah.co.nz,https://www.staah.com/,2,7560,10800,MAH Directory
Streamvision Sdn Bhd,Selangor,Petaling Jaya,Unknown (Boutique),+60139049501,farihin@streamvision.com.au,,2,7560,10800,MAH Directory
Success Beacon Sdn. Bhd.,Kuala Lumpur,Kuala Lumpur,Unknown (Boutique),+60193291159,emmilia@successbeacon.com.my,https://kyouth.successbeacon.com.my/,2,7560,10800,MAH Directory
The Sleeping Solutions (Hops By Q-Tron),Kuala Lumpur,Kuala Lumpur,Unknown (Boutique),+60124123464,nikchenglim@yahoo.com,,2,7560,10800,MAH Directory
Topcut Tailoring & Design,Kuala Lumpur,Kuala Lumpur,Unknown (Boutique),+60122313511,topcuttailoring2018@gmail.com,,2,7560,10800,MAH Directory
The Bodhi Lodge,Kuala Lumpur,Kuala Lumpur,Unknown (Boutique),+60166416996,,,2,7560,10800,Google Places
Swiss Hotel Kuala Lumpur - City Centre,Kuala Lumpur,Kuala Lumpur,Unknown (Boutique),+60177100530,,http://www.swisshotelkl.com/,2,7560,10800,Google Places
Hotel Olympic Malaysia,Kuala Lumpur,Kuala Lumpur,Unknown (Boutique),+601111064888,,https://my.findhotel.club/joytrip/?route=hotel&p=hotelolympicmalaysia,2,7560,10800,Google Places
"Kingston Hotel 8 @ Kuala Lumpur, Bukit Bintang (Formerly known as Metropol Hotel)",Kuala Lumpur,Kuala Lumpur,Unknown (Boutique),+60183242288,,https://swingandpillows.com/,2,7560,10800,Google Places
Easy Hotel KL Sentral,Kuala Lumpur,Kuala Lumpur,Unknown (Boutique),+60162154500,,https://easyhotel.com.my/,2,7560,10800,Google Places
Seeds Hotel Bukit Bintang,Kuala Lumpur,Kuala Lumpur,Unknown (Boutique),+601118647009,,https://seedshotel.com.my/,2,7560,10800,Google Places
Astar Hotel Bukit Bintang,Kuala Lumpur,Kuala Lumpur,Unknown (Boutique),+601111106665,,,2,7560,10800,Google Places
SS GREY HOTEL BUKIT BINTANG,Kuala Lumpur,Kuala Lumpur,Unknown (Boutique),+60128600257,,,2,7560,10800,Google Places
Hotel Damai Kuala Lumpur,Kuala Lumpur,Kuala Lumpur,Unknown (Boutique),+601118513288,,https://www.hoteldamaikl.com.my/,2,7560,10800,Google Places
"Kingston Hotel 3 @ Kuala Lumpur (Formerly known as Swing and Pillows @ Jalan Baba, Pudu)",Kuala Lumpur,Kuala Lumpur,Unknown (Boutique),+60182852288,,http://www.swingandpillows.com/,2,7560,10800,Google Places
The Bed Bukit Bintang - Capsule Hotel,Kuala Lumpur,Kuala Lumpur,Unknown (Boutique),+60166183584,,https://www.thebedklcc.com/,2,7560,10800,Google Places
Axon Bukit Bintang,Kuala Lumpur,Bukit Bintang,Unknown (Boutique),+60192396855,,,2,7560,10800,Google Places
"Swing & Pillows @ Imbi, Bukit Bintang",Kuala Lumpur,Bukit Bintang,Unknown (Boutique),+60183767288,,https://swingandpillows.com/,2,7560,10800,Google Places
Kingston Hotel 6 @ Changkat Bukit Bintang,Kuala Lumpur,Bukit Bintang,Unknown (Boutique),+60182972288,,https://swingandpillows.com/,2,7560,10800,Google Places
AQ Hotel Bukit Bintang,Kuala Lumpur,Bukit Bintang,Unknown (Boutique),+601121104443,,,2,7560,10800,Google Places
"Kingston Hotel 01 @ Bukit Bintang, Kuala Lumpur",Kuala Lumpur,Bukit Bintang,Unknown (Boutique),+60182652288,,http://www.swingandpillows.com/,2,7560,10800,Google Places
"Upstairs Downstairs Co-Living @ Bukit Bintang, KL",Kuala Lumpur,Bukit Bintang,Unknown (Boutique),+60102264293,,,2,7560,10800,Google Places
Green Town Hotel Bukit Bintang,Kuala Lumpur,Bukit Bintang,Unknown (Boutique),+60138909030,,,2,7560,10800,Google Places
Alia Premier KLCC,Kuala Lumpur,KLCC,Unknown (Boutique),+60172753124,,https://sites.google.com/view/alia-premier-klcc/home,2,7560,10800,Google Places
"Kingston Hotel 12 @ Jalan Raja Laut, KL (Formerly known as Club Dolphin Hotel)",Kuala Lumpur,KLCC,Unknown (Boutique),+60185732288,,https://www.swingandpillows.com/,2,7560,10800,Google Places
"The Bed, KLCC",Kuala Lumpur,KLCC,Unknown (Boutique),+60163553584,,https://www.thebedklcc.com/,2,7560,10800,Google Places
Hotel 28 Kuala Lumpur,Kuala Lumpur,Chow Kit,Unknown (Boutique),+601111802828,,https://my.findhotel.club/joytrip/?route=hotel&p=hotel28chowkit,2,7560,10800,Google Places
Seeds Hotel Premier Chow Kit Kuala Lumpur,Kuala Lumpur,Chow Kit,Unknown (Boutique),+601135385690,,https://seedshotel.com.my/,2,7560,10800,Google Places
LAZDANA HOTEL KUALA LUMPUR,Kuala Lumpur,Chow Kit,Unknown (Boutique),+60194731111,,,2,7560,10800,Google Places
Seeds Hotel Chow Kit Kuala Lumpur,Kuala Lumpur,Chow Kit,Unknown (Boutique),+60122890814,,https://www.seedshotel.com.my/,2,7560,10800,Google Places
M1 Hotel,Kuala Lumpur,Chow Kit,Unknown (Boutique),+60126913468,,,2,7560,10800,Google Places
Hotel 28 Rapid,Kuala Lumpur,Chow Kit,Unknown (Boutique),+601111202828,,,2,7560,10800,Google Places
Mozu Hotel Sri Hartamas,Kuala Lumpur,Mont Kiara,Unknown (Boutique),+60168224833,,,2,7560,10800,Google Places
Monkey Mansion Jalan Ipoh,Kuala Lumpur,Mont Kiara,Unknown (Boutique),+60182809744,,,2,7560,10800,Google Places
Suwara Hotel Kepong KL,Kuala Lumpur,Mont Kiara,Unknown (Boutique),+60127216391,,http://www.suwarakepong.com.my/,2,7560,10800,Google Places
KNN condominium,Kuala Lumpur,Mont Kiara,Unknown (Boutique),+601139795329,,,2,7560,10800,Google Places
Tofura Guesthouse,Kuala Lumpur,Mont Kiara,Unknown (Boutique),+60139871312,,,2,7560,10800,Google Places
MLUX Hotel,Kuala Lumpur,Mont Kiara,Unknown (Boutique),+60123333185,,http://www.mlux.my/,2,7560,10800,Google Places
OYO Rooms KLPAC,Kuala Lumpur,Mont Kiara,Unknown (Boutique),+60104011393,,,2,7560,10800,Google Places
Aston Kiara 3,Kuala Lumpur,Mont Kiara,Unknown (Boutique),+60162455833,,http://www.hr-group.com.my/property-projects/completed-projects/kiara-3-mont-kiara,2,7560,10800,Google Places
Zetter Suite Arte Mont Kiara,Kuala Lumpur,Mont Kiara,Unknown (Boutique),+60125496588,,http://www.artezettersuites.com/,2,7560,10800,Google Places
Arcoris Mont Kiara by MK HOME,Kuala Lumpur,Mont Kiara,Unknown (Boutique),+60134103153,,,2,7560,10800,Google Places
We are Closed,Selangor,Petaling Jaya,Unknown (Boutique),+60127353102,,,2,7560,10800,Google Places
Orange Business Hotel,Selangor,Petaling Jaya,Unknown (Boutique),+601158589122,,http://www.orangehotels.com.my/,2,7560,10800,Google Places
Swing & Pillows @ i-City Shah Alam (Powered by iBilik),Selangor,Shah Alam,Unknown (Boutique),+60182868288,,https://swingandpillows.com/,2,7560,10800,Google Places
Seeds Hotel Shah Alam Seksyen 7 I-City,Selangor,Shah Alam,Unknown (Boutique),+60178813439,,http://www.smilehotel.com.my/,2,7560,10800,Google Places
SALAM HOTEL & Best Hotel Shah Alam,Selangor,Shah Alam,Unknown (Boutique),+601110850015,,,2,7560,10800,Google Places
Pool Lagoon Subang,Selangor,Shah Alam,Unknown (Boutique),+60193281015,,,2,7560,10800,Google Places
Setia Convention@ Comfy Room 3,Selangor,Shah Alam,Unknown (Boutique),+60122886301,,,2,7560,10800,Google Places
Damen Subang by KL Short Stay,Selangor,Shah Alam,Unknown (Boutique),+60123993131,,,2,7560,10800,Google Places
Hotel makmur,Selangor,Shah Alam,Unknown (Boutique),+60109091544,,,2,7560,10800,Google Places
Cosy private suite 2 Room 591 Shah Alam,Selangor,Shah Alam,Unknown (Boutique),+60193460619,,https://www.airbnb.com/rooms/25926283?guests=1&adults=1&s=67&unique_share_id=99970b10-a224-40a0-b8b6-2569dd70c049,2,7560,10800,Google Places
Hotel June,Selangor,Shah Alam,Unknown (Boutique),+60122899922,,,2,7560,10800,Google Places
NORA Staycation,Selangor,Shah Alam,Unknown (Boutique),+60193830137,,,2,7560,10800,Google Places
Shafila Guesthouse,Selangor,Shah Alam,Unknown (Boutique),+60176178343,,,2,7560,10800,Google Places
Salham Guesthouse,Selangor,Shah Alam,Unknown (Boutique),+60132979113,,,2,7560,10800,Google Places
Bayou Lodge,Selangor,Shah Alam,Unknown (Boutique),+60173491955,,,2,7560,10800,Google Places
Balinese Heaven!,Selangor,Shah Alam,Unknown (Boutique),+60126651359,,,2,7560,10800,Google Places
Wonderland Private Soho at Subang Jaya,Selangor,Shah Alam,Unknown (Boutique),+60173026589,,,2,7560,10800,Google Places
Swing and Pillows @ Shah Alam,Selangor,Shah Alam,Unknown (Boutique),+60184042288,,https://swingandpillows.com/,2,7560,10800,Google Places
Smile Hotel Shah Alam Icity,Selangor,Shah Alam,Unknown (Boutique),+60177539103,,http://www.smilehotel.com.my/,2,7560,10800,Google Places
Laman Green Hotel @ Seksyen 7 | Shah Alam,Selangor,Shah Alam,Unknown (Boutique),+601159914486,,https://agent.jotform.com/019b5b5b12287b8987c791a3ce103f715902,2,7560,10800,Google Places
Green Hotel Puchong,Selangor,Subang Jaya,Unknown (Boutique),+60122196803,,http://greenhotelpuchong-bke.zoombookdirect.com/?utm_source=googlemybusiness&utm_medium=organic&utm_campaign=google_my_business,2,7560,10800,Google Places
"Infinity Pool KL View, PJ",Selangor,Subang Jaya,Unknown (Boutique),+60193721391,,,2,7560,10800,Google Places
Le Pavilion By Rina Properties,Selangor,Subang Jaya,Unknown (Boutique),+60122042556,,,2,7560,10800,Google Places
Sunway Geo City View by EbrelParadise EPGYB,Selangor,Subang Jaya,Unknown (Boutique),+60122868854,,,2,7560,10800,Google Places
5 Star Luxury Hostel @ Bandar Sunway,Selangor,Subang Jaya,Unknown (Boutique),+60133533496,,,2,7560,10800,Google Places
Blue Lagoon Hotel @ Bandar Sunway,Selangor,Subang Jaya,Unknown (Boutique),+60173278112,,http://www.bluelagoonhotels.com.my/,2,7560,10800,Google Places
I Go Hotel,Selangor,Subang Jaya,Unknown (Boutique),+60125408640,,,2,7560,10800,Google Places
Hotel Centum,Selangor,Klang,Unknown (Boutique),+60183128826,,https://www.facebook.com/Hotel-Centum-236922566425852/,2,7560,10800,Google Places
MKH Boulevard Apartment -Room Studio,Selangor,Klang,Unknown (Boutique),+60125624142,,,2,7560,10800,Google Places
NIDA Rooms Klang Chi Liung Mewah,Selangor,Klang,Unknown (Boutique),+60199344898,,,2,7560,10800,Google Places
클랑하우스,Selangor,Klang,Unknown (Boutique),+60102104622,,,2,7560,10800,Google Places
朴乐空间2.0 × 三十七度,Selangor,Klang,Unknown (Boutique),+60193944122,,http://www.facebook.com/purespace365,2,7560,10800,Google Places
CHILLCAMP,Selangor,Klang,Unknown (Boutique),+60128470805,,,2,7560,10800,Google Places
Aqmiha,Selangor,Klang,Unknown (Boutique),+60162250567,,,2,7560,10800,Google Places
Seeds Hotel Klang Meru,Selangor,Klang,Unknown (Boutique),+601155089481,,https://seedshotel.com.my/,2,7560,10800,Google Places
Seeds Hotel Klang Bayu Perdana,Selangor,Klang,Unknown (Boutique),+60172994126,,https://www.seedshotel.com.my/,2,7560,10800,Google Places
M S Hotel Tengku Kelana KTM Klang,Selangor,Klang,Unknown (Boutique),+60196745383,,,2,7560,10800,Google Places
HOTEL SUNJOY9 @ KLANG,Selangor,Klang,Unknown (Boutique),+60173049942,,,2,7560,10800,Google Places
BR Parklands Hotel,Selangor,Klang,Unknown (Boutique),+60138161032,,,2,7560,10800,Google Places
FREE SHUTTLE GUESTHOUSE@KLIA,Selangor,Sepang KLIA,Unknown (Boutique),+60172309168,,,2,7560,10800,Google Places
Anjung Apartment & Breakfast,Selangor,Sepang KLIA,Unknown (Boutique),+60123991041,,http://www.anjungbnbklia.blogspot.com/,2,7560,10800,Google Places
Al Safer Travel & Tour,Selangor,Sepang KLIA,Unknown (Boutique),+60177712320,,http://alsafertrip.com/,2,7560,10800,Google Places
"Kepler Club Kuala Lumpur Airport - Sleep, Shower, Lounge - KLIA T1 (Landside)",Selangor,Sepang KLIA,Unknown (Boutique),+601112421134,,http://www.keplerclub.com/,2,7560,10800,Google Places
"Kepler Club Kuala Lumpur Airport - Sleep, Shower, Lounge - Satellite Building (Airside)",Selangor,Sepang KLIA,Unknown (Boutique),+60147415950,,http://www.keplerclub.com/,2,7560,10800,Google Places
Bangau De Capsule Hotel - Downtown KLIA,Selangor,Sepang KLIA,Unknown (Boutique),+60125662271,,,2,7560,10800,Google Places
Chalet Desa Anggerik,Selangor,Sepang KLIA,Unknown (Boutique),+60123545443,,,2,7560,10800,Google Places
GLG KLIA Transit House,Selangor,Sepang KLIA,Unknown (Boutique),+60123036203,,http://www.glgtransit.com/,2,7560,10800,Google Places
"Swing & Pillows @ Sky Star KLIA1 & KLIA2, Sepang (Previously known as Sky Star Hotel)",Selangor,Sepang KLIA,Unknown (Boutique),+60139111883,,https://www.facebook.com/skystarkliaklia2,2,7560,10800,Google Places
"Swing & Pillows @ Salak Tinggi Business Park, Sepang",Selangor,Sepang KLIA,Unknown (Boutique),+60182335288,,https://swingandpillows.com/,2,7560,10800,Google Places
"M Design Hotel Klia,Sepang",Selangor,Sepang KLIA,Unknown (Boutique),+601154266113,,http://mdesignhotels.com/,2,7560,10800,Google Places
THE CROWN HOTEL @ KLIA,Selangor,Sepang KLIA,Unknown (Boutique),+60123428008,,,2,7560,10800,Google Places
"The youniQ Hotel, Kuala Lumpur International Airport",Selangor,Sepang KLIA,Unknown (Boutique),+60195144200,,http://www.theyouniqhotel.com/,2,7560,10800,Google Places
Casa Hotel KLIA 1,Selangor,Sepang KLIA,Unknown (Boutique),+60102100844,,https://www.facebook.com/casahotelklia1/,2,7560,10800,Google Places
Museum Hotel,Penang,George Town,Unknown (Boutique),+601188881601,,https://museumhotel.my/,2,7560,10800,Google Places
Day & Night Guesthouse,Penang,George Town,Unknown (Boutique),+60164457208,,https://m.facebook.com/DayNightGuesthouse/,2,7560,10800,Google Places
322 Chulia,Penang,George Town,Unknown (Boutique),+60123295597,,,2,7560,10800,Google Places
House of Journey Hostel & Guesthouse,Penang,George Town,Unknown (Boutique),+60124401399,,https://www.hostelworld.com/st/hostels/p/81877/house-of-journey/,2,7560,10800,Google Places
HomeAway Townhouse,Penang,George Town,Unknown (Boutique),+60134898628,,,2,7560,10800,Google Places
Armenian Suite,Penang,George Town,Unknown (Boutique),+60122993118,,http://www.armeniansuite.com,2,7560,10800,Google Places
Apple 1 Hotel Gurney,Penang,George Town,Unknown (Boutique),+60192332660,,https://www.sleephotel.com.my/our-hotels/apple-1-hotel-gurney,2,7560,10800,Google Places
Chulia Mansion Hotel,Penang,George Town,Unknown (Boutique),+601131477511,,https://qanova.com.my/hotel/,2,7560,10800,Google Places
Moon Hotel Penang,Penang,George Town,Unknown (Boutique),+601126436995,,,2,7560,10800,Google Places
Forum Hotel Penang 富伦酒店,Penang,George Town,Unknown (Boutique),+601135857296,,,2,7560,10800,Google Places
"Fifth Avenue Hotel, Penang",Penang,George Town,Unknown (Boutique),+601127399843,,https://fifthavenuepenang.com/,2,7560,10800,Google Places
Jean CleanComfy Apt Near Beach,Penang,Batu Ferringhi,Unknown (Boutique),+60164108572,,,2,7560,10800,Google Places
Penang Tg. Bungah Apt. Stay,Penang,Batu Ferringhi,Unknown (Boutique),+60149091070,,https://sites.google.com/view/rnd-penang-lodging/PR,2,7560,10800,Google Places
An Urban Leisure Hub,Penang,Batu Ferringhi,Unknown (Boutique),+60163227771,,,2,7560,10800,Google Places
Batu Ferringhi Delight Apartment,Penang,Batu Ferringhi,Unknown (Boutique),+60122994932,,,2,7560,10800,Google Places
Serene Dream Home by Vhost,Penang,Batu Ferringhi,Unknown (Boutique),+60164261465,,,2,7560,10800,Google Places
Gurney Couple stay GVP2,Penang,Batu Ferringhi,Unknown (Boutique),+60122003527,,,2,7560,10800,Google Places
Little Cottage,Penang,Batu Ferringhi,Unknown (Boutique),+60174716608,,,2,7560,10800,Google Places
OYO 299 Station Budget Hotel,Penang,Batu Ferringhi,Unknown (Boutique),+60104011393,,https://www.oyorooms.com/my/hotels-in-Batu%20Ferringhi/?utm_source=Google_gmb_so_MY&utm_medium=Organic&utm_campaign=MY_GTN022&locale=en,2,7560,10800,Google Places
Love All Serve All @ Batu Ferringhi,Penang,Batu Ferringhi,Unknown (Boutique),+60164939215,,,2,7560,10800,Google Places
CC's Beach House,Penang,Batu Ferringhi,Unknown (Boutique),+60164561895,,,2,7560,10800,Google Places
L Ferringhi Hotel,Penang,Batu Ferringhi,Unknown (Boutique),+60163891898,,,2,7560,10800,Google Places
Seaview@Voyage De'cassa,Penang,Batu Ferringhi,Unknown (Boutique),+60122436376,,,2,7560,10800,Google Places
Shamrock Beach 21,Penang,Batu Ferringhi,Unknown (Boutique),+60124887705,,,2,7560,10800,Google Places
Cozy SOHO Near Gurney,Penang,Batu Ferringhi,Unknown (Boutique),+60124950877,,,2,7560,10800,Google Places
ARIA GURNEY @ The Landmark,Penang,Batu Ferringhi,Unknown (Boutique),+60108851228,,,2,7560,10800,Google Places
Small Boss Hotel,Penang,Batu Ferringhi,Unknown (Boutique),+60164599412,,,2,7560,10800,Google Places
LA Ferringhi Home,Penang,Batu Ferringhi,Unknown (Boutique),+60172326860,,https://m.facebook.com/laferringhihome/,2,7560,10800,Google Places
Delima Apartment,Penang,Batu Ferringhi,Unknown (Boutique),+60175549681,,,2,7560,10800,Google Places
Bayu Emas Apartment,Penang,Batu Ferringhi,Unknown (Boutique),+60164108572,,,2,7560,10800,Google Places
Grand Star Hotel Batu Ferringhi,Penang,Batu Ferringhi,Unknown (Boutique),+60124910030,,https://adroit-onion-k4xh1s.mystrikingly.com/,2,7560,10800,Google Places
OYO 186 Sovereign Hotel,Penang,Butterworth,Unknown (Boutique),+60104011393,,https://www.oyorooms.com/hotels-in-George%20Town/?utm_source=Google_gmb_so&utm_medium=Organic&utm_campaign=MY_GTN004&filters[city_id]=1474,2,7560,10800,Google Places
Roommates Guesthouse Penang,Penang,Butterworth,Unknown (Boutique),+60163848828,,,2,7560,10800,Google Places
Bagan Suite Hotel,Penang,Butterworth,Unknown (Boutique),+60102007280,,https://bagansuite.com/,2,7560,10800,Google Places
HereHotel,Johor,Johor Bahru,Unknown (Boutique),+601116171677,,http://herehotel.com/,2,7560,10800,Google Places
Euro+Hotel Skudai,Johor,Johor Bahru,Unknown (Boutique),+60167724772,,https://m.facebook.com/EuroPlusHotel/,2,7560,10800,Google Places
Hotel Skudai Baru,Johor,Johor Bahru,Unknown (Boutique),+60127707112,,https://m.facebook.com/pages/category/Hotel/Hotel-Skudai-Baru-332158983919461/,2,7560,10800,Google Places
Kingston Hotel 21 @ Jo Hotel Johor Bahru,Johor,Johor Bahru,Unknown (Boutique),+60182074288,,https://www.kingstonhotels.com.my/,2,7560,10800,Google Places
I-hotel Johor Bahru,Johor,Johor Bahru,Unknown (Boutique),+60128887477,,http://www.i-hotel.com.my/,2,7560,10800,Google Places
Hermess Hotel Johor,Johor,Johor Bahru,Unknown (Boutique),+60127215603,,,2,7560,10800,Google Places
Avantgarde Hotel,Johor,Johor Bahru,Unknown (Boutique),+60167657665,,http://www.avantgardehotel.com.my/,2,7560,10800,Google Places
T Hotel Johor Bahru,Johor,Johor Bahru,Unknown (Boutique),+60167724772,,,2,7560,10800,Google Places
Kingston Hotel 7 @ Johor Bahru,Johor,Johor Bahru,Unknown (Boutique),+60183142288,,,2,7560,10800,Google Places
My Capsule Hotel Malaysia,Johor,Johor Bahru,Unknown (Boutique),+601159975030,,,2,7560,10800,Google Places
Best Hotel,Johor,Johor Bahru,Unknown (Boutique),+60167141357,,http://www.mybesthotel.com.my/,2,7560,10800,Google Places
Atelier Hotel Abiad Johor Bahru,Johor,Johor Bahru,Unknown (Boutique),+60197088663,,,2,7560,10800,Google Places
Atelier Hotel Johor Bahru,Johor,Johor Bahru,Unknown (Boutique),+60199888663,,http://atelierhotel.com.my/,2,7560,10800,Google Places
Cube8teens by Nest Home,Johor,Johor Bahru,Unknown (Boutique),+601116158738,,https://nesthomemy.com/,2,7560,10800,Google Places
Afiniti Legoland Service Apartments,Johor,Iskandar Puteri,Unknown (Boutique),+60177138789,,,2,7560,10800,Google Places
Stay @ Almas Puteri Harbour,Johor,Iskandar Puteri,Unknown (Boutique),+60143463393,,,2,7560,10800,Google Places
My Home Global at JB Bukit Indah Sky Breeze Apartment,Johor,Iskandar Puteri,Unknown (Boutique),+60183628842,,,2,7560,10800,Google Places
JB Nusajaya Legoland hse for 12p,Johor,Iskandar Puteri,Unknown (Boutique),+60178891296,,,2,7560,10800,Google Places
Comfort Holiday Home,Johor,Iskandar Puteri,Unknown (Boutique),+60127498802,,http://www.facebook.com/profile.php?id=100011443032916,2,7560,10800,Google Places
Millésimé Hotel Iskandar Puteri,Johor,Iskandar Puteri,Unknown (Boutique),+60177900112,,https://www.millesimehotels.com/,2,7560,10800,Google Places
Eco Haus Garden Residential,Johor,Iskandar Puteri,Unknown (Boutique),+60166948325,,http://fb.me/ecohaus61,2,7560,10800,Google Places
Home2u T'Castle,Johor,Iskandar Puteri,Unknown (Boutique),+60167264888,,,2,7560,10800,Google Places
Rental,Johor,Iskandar Puteri,Unknown (Boutique),+60164399250,,,2,7560,10800,Google Places
Infinity Hotel Iskandar Puteri,Johor,Iskandar Puteri,Unknown (Boutique),+60199039028,,https://www.facebook.com/profile.php?id=61559892194577&mibextid=LQQJ4d,2,7560,10800,Google Places
Kingston Hotel 16 @ Legoland Johor Bahru,Johor,Iskandar Puteri,Unknown (Boutique),+60186698288,,,2,7560,10800,Google Places
Sunway Grid by Nest Home,Johor,Iskandar Puteri,Unknown (Boutique),+601116158738,,https://nesthomemy.com/,2,7560,10800,Google Places
NB HOTEL NUSA IDAMAN,Johor,Iskandar Puteri,Unknown (Boutique),+601111447664,,,2,7560,10800,Google Places
Cempaka Guesthouse Batu Pahat,Johor,Batu Pahat,Unknown (Boutique),+60125388024,,http://cempakaguesthouse.wordpress.com/,2,7560,10800,Google Places
Tasek Home Stay Tasek,Johor,Batu Pahat,Unknown (Boutique),+60127543421,,https://www.facebook.com/tasekhomestaybp,2,7560,10800,Google Places
Tasek Home Stay Princess,Johor,Batu Pahat,Unknown (Boutique),+60127543421,,https://www.facebook.com/tasekhomestaybp,2,7560,10800,Google Places
Teratak Zabha,Johor,Batu Pahat,Unknown (Boutique),+60139998788,,http://bob.my/,2,7560,10800,Google Places
No Operation,Johor,Batu Pahat,Unknown (Boutique),+60177289027,,http://www.facebook.com/bphomestay,2,7560,10800,Google Places
Times-In Budget Room,Johor,Batu Pahat,Unknown (Boutique),+60167752775,,,2,7560,10800,Google Places
28家庭民宿,Johor,Batu Pahat,Unknown (Boutique),+60167110132,,,2,7560,10800,Google Places
Ficca Home,Johor,Muar,Unknown (Boutique),+60177242209,,https://www.facebook.com/pages/Ficca-Home/662471227177732,2,7560,10800,Google Places
The Tree Hotel - Muar,Johor,Muar,Unknown (Boutique),+60105125151,,,2,7560,10800,Google Places
Super OYO 756 Muar City Hotel,Johor,Muar,Unknown (Boutique),+60169922122,,https://www.oyorooms.com/MY/50581/?utm_source=GMB_MY&utm_medium=Organic&utm_campaign=MY_JHR053&latitude=2.079191&longitude=102.564509&locale=en,2,7560,10800,Google Places
Chalet Bonda Parit Raja Muar,Johor,Muar,Unknown (Boutique),+60126767009,,https://www.facebook.com/ChaletBonda,2,7560,10800,Google Places
Apartel Maharani Service Apartment At B-G-5 Block B Wisma 2020,Johor,Muar,Unknown (Boutique),+60126116508,,,2,7560,10800,Google Places
Aspire Room Muar,Johor,Muar,Unknown (Boutique),+60102958151,,,2,7560,10800,Google Places
REMINGTON HOTEL MUAR,Johor,Muar,Unknown (Boutique),+60149855578,,http://www.remingtonhotel.com.my/,2,7560,10800,Google Places
HOTEL KINGDOM MUAR,Johor,Muar,Unknown (Boutique),+60122712401,,,2,7560,10800,Google Places
Hotel Sahara,Johor,Muar,Unknown (Boutique),+601165328658,,,2,7560,10800,Google Places
RM Hotel Muar,Johor,Muar,Unknown (Boutique),+60179609669,,http://rmhotel.zoombookdirect.com/?utm_source=googlemybusiness&utm_medium=organic&utm_campaign=google_my_business,2,7560,10800,Google Places
MILUX HOTEL,Johor,Muar,Unknown (Boutique),+601126650415,,https://www.booking.com/Share-MIuf3yl,2,7560,10800,Google Places
The Grace Hotel,Johor,Muar,Unknown (Boutique),+60175758559,,https://www.facebook.com/thegracehotelmy/,2,7560,10800,Google Places
